user_id,loc_lat,loc_lon
1,55.74802199999999,37.786073
2,55.752564,37.784841
3,55.752564,37.781341
